{
  "noise_scale": 0.99141488435098,
  "drive_scale": 0.7644448069168391,
  "cost": 2981.0811742187593
}